,tweet,Subjectivity,Polarity,Analysis
0,  not that it will matter to you no zamato swiggy ola or amazon or flipkart Agra is cut off from the world and mind u in peak tourist season what a wonderful message will tourist take home on the govt of    ,1.0,1.0,Positive
1,Happy church day ‚õ™‚õ™  Marriott Hotel Downtown Abu Dhabi  httpstcoOVDosxpg,1.0,0.8,Positive
2,Over  drivers in London register on Ola Great job   httpstcocGJQUutve,0.75,0.8,Positive
3,  It would be great if you chain me in this appreciation,0.75,0.8,Positive
4, Just wait Sir will sooner you face a welcome fire after shouting  hu ,0.9,0.8,Positive
5,Thank You    pleasant  httpstcooRJvhlu,0.9666666666666667,0.7333333333333333,Positive
6, Ola rental is good,0.6000000000000001,0.7,Positive
7,Now we have surge in  also we have been blaming   n cab aggregator but now it‚Äôs on Food delivery also good going    httpstcoCFUEWdIPg,0.6000000000000001,0.7,Positive
8,    Good advice üòÇ,0.6000000000000001,0.7,Positive
9,To be honest never ever could successfully book  in morning hours Heard  these days doing well  Time to unistall Ola,0.925,0.675,Positive
10, Lol Okay ,0.6,0.65,Positive
11,  kindly look into this Paid on google pay yet paid in cash too  httpstcoJRnZbpY,0.9,0.6,Positive
12,  I want to register a case against ola for not refunding my money Kindly let me the process,0.9,0.6,Positive
13,   Team I have DM my query kindly check Thank you,0.9,0.6,Positive
14,Amount debited from account after  ride Cash also paid to driver after ride Kindly help with this ,0.9,0.6,Positive
15,Dear   I am again fined with cancellation charge of Rs for no fault of mine This cancellation was made because Drivers  Phone was Switched Off and he couldnt be contacted Kindly look into the matter My Booking ID is   httpstcovroRMzNaX,0.9,0.6,Positive
16,    I dont want this automated revert kindly call speak with me and resolve the issue  ,0.9,0.6,Positive
17, sir I always prefer Ola uber services but today I want to travel by   Great experience cost effective Thanks  httpstcoBGLmuIwtiC,0.5833333333333334,0.5333333333333333,Positive
18, I am sure you can go and check my latest ride for ref ID but I dont want you to go and cut additional incentives of your drivers  Its not a one time thing it happens with each one of your drivers What is it that you do so they dont want us to pay via ola money,0.8944444444444444,0.5,Positive
19,Beware of  rules If their driver partner makes you wait for mins and declines to give you a ride its ur fate Ola wont match fares or rebook Your time is not valuable If you make their wait they will charge Thier time is precious ,1.0,0.5,Positive
20,   Ola hu uber Ok,0.5,0.5,Positive
21,  Okay,0.5,0.5,Positive
22,     Simply we should uninstall these appn  Choose best bus or blackYellow taxi ricks ,0.32857142857142857,0.5,Positive
23,     httpstcomFWYWRUBMe  Girl misbehaved by ola driver How safe is ola and uber cabs  And who is suppose to ensure       httpstcotDDzKxqkF,0.5,0.5,Positive
24,   Life was better with no  and  around,0.5,0.5,Positive
25,  httpstcomFWYWRUBMe  Girl misbehaved by ola driver How safe is ola and uber cabs  And who is suppose to ensure       httpstcogUFCOLQk,0.5,0.5,Positive
26, I dont know how to elaborate surge pricing A trip that would cost anywhere between  youre charging almost ,1.0,0.5,Positive
27, If you ask most of the protestor the meaning of CAB  I think they answer OLA n UBER,0.5,0.5,Positive
28,  more rejected olamoney today morning ride üòÇ,0.5,0.5,Positive
29, How many Ola Uber were there in the two posts that were destroyed by our Jawans,0.5,0.5,Positive
30, You think I‚Äôd be tweeting if it had not been that many days since this matter took place,0.5,0.5,Positive
31, So many time your driver not accept ola money and Demand for cash and then they cancel your ride its done  or times and then your account block  And wasting too much time also  I think ola need to improve them self otherwise  Have good Chance to takeover that,0.43333333333333335,0.4666666666666666,Positive
32,In solidarity with their driver partners Ola making sure that you wait before they cancel on you  ‚ÄòNo Support Available‚Äô,0.6444444444444444,0.45,Positive
33,Requesting  to act against App based CAB cancellations Becoming a nightmare   ,0.8500000000000001,0.45,Positive
34,     Goverment should immediately implement it Both cabs have becoming pain for passengers,0.8500000000000001,0.45,Positive
35, just got a call from your agent who kept on abusing for my bill when I kept saying I have paid it he threatened me to be sending me legal notice and getting me arrested wow thats just great Thats a good way to treat a customer,0.6375,0.45,Positive
36, Thanks a Lot And Pleasnt Day ahead Mine was not so good at these moment üòúü§ü,0.4,0.44999999999999996,Positive
37, Easy tigress ‚ù§Ô∏è,0.8333333333333334,0.43333333333333335,Positive
38,  I agree Which is why I will be more than happy of Govt actually interferes with how OlaUber function We keep saying market is supreme but here the market has gone rogue,0.5333333333333333,0.43333333333333335,Positive
39,In  I am going to try to    Learn to try and be mentally happy   Learn to time manage   Get back into the habit of Reading   Train gt Rick Ola Uber   Not üëèüèΩ Entertaining üëèüèΩ Bullshit üëèüèΩ From üëèüèΩ Anyone,0.5666666666666667,0.43333333333333335,Positive
40,Maanja  thengaapatha mayana salai  ola share ride  real fruit kulfi  torrento chemo care  sliding  turtles walk   inji tea with added dignity dignified kiss  ammu  letter convo shopping  Loved with full of hearts ü§©ü•∞   ,0.55,0.4166666666666667,Positive
41,Ola Uber driver refused ride Policy proposes Rs  fine  Delhi News  Times of India  httpstcomTjXsOl,0.5,0.4166666666666667,Positive
42,   U complent ola or uber he charged the  rs fine sir,0.5,0.4166666666666667,Positive
43,Congratulations  for winner in top   Ola Electric has an ambitious target in mind to deploy a million electric vehicles EV by  with around  of them by end itself  Read more at¬† httpstcotvTolJFD,0.5833333333333334,0.4166666666666667,Positive
44,Hi   Mr Sujit Prasad your brilliant driver is super helpful  The maps mentioned a faster route but still he insisted to stay on a slower route and began to fight  I think having a driver network like this will only bring you a downfall     httpstcoiOWUnvKM,0.8888888888888888,0.41111111111111115,Positive
45,   Just posted the relevant slides on the topic His talk was on the Ola cards,0.9,0.4,Positive
46,I opted for the ola moneycard while booking the cab till my home Driver demands for the cash Terminates the trip stopped  vehicle on the road just that I dont pay via cash I had to book another cab despite Im paying the trip amount No customer service available   httpstcoDyelDjRjgd,0.4,0.4,Positive
47,We have   almost in every  city still someone is not getting a   then  is genuine                      httpstcooHcNSgPiG,0.5,0.4,Positive
48, No FUCKING auto is accepting my ride and there are so many around here just loitering around,0.65,0.4,Positive
49,It was great to experience improved operation in Hyderabad   starting from cab availability to professional drivers Keep up the good work,0.3875,0.4,Positive
50, driver was very aerogent and abusive Like threatening me Remove this kind of drivers  httpstcoXQQaRZGVUf,0.6,0.4,Positive
51,Im nd Raid in   Im happy Riding in an Ola  driven by Honnakeshava  is needed to start the ride after boarding the cab Final bill amount will be shown on driver device Track the ride here  httpstcovyGVRRnw,1.0,0.4,Positive
52,Stayed in Pune daysUsed ola  polished my shoesbought streetside fruits ate pan at taparismedicines at chemist shop amp paid thru      all  available at all places     amp Pune has learnt it ,0.4,0.4,Positive
53,If you want Traffic Free city then start using Public Transport Railways Metro BEST are safe cheap on time and always there for you in difficult situations Say Yes to Metro Railway BEST Say No to OLAUBER      ,0.5238095238095238,0.39999999999999997,Positive
54,   Ola amp Uber have surges always ask for cash which isn‚Äôt how Meru operates It does on a fixed fare which often is a premium fare So I feel it ticks all the boxes in your checklist apart from the fact if they can work on their spontaneous bookings it‚Äôll be way more scalable,0.5333333333333333,0.39999999999999997,Positive
55, Hi I bought a  hospicash policy on ur app on th Dec Its been  days amp I still hvnt recvd any mailpolicy docs frm ur side Customer care amp helpline is nt working Wts dis a new kind of scam  ,0.6772727272727272,0.36818181818181817,Positive
56,Unlocked a special feature when bought an ola pass    httpstcoUFoapXbrj,0.5714285714285714,0.35714285714285715,Positive
57,  Ola amigosü¶Ñ  Hope you guys are enjoying the holidaysSo I am here to give you something which you make your New Year even more special  How about winning a new book at the First‚Ä¶  httpstcoPRqsjce,0.5550865800865801,0.35497835497835495,Positive
58,Vch cab Ola or Uber   She thought of becoming popular by correcting our pm üòÇ  Bill turns to act after assent of president Go back to school  ,0.5833333333333334,0.35000000000000003,Positive
59,Ola pls stop or olamoney because i facing many problems with after book bike or cab with olamoney or postpaid driver denied to do the service they straight forward said if you made payments options olamoney or postpaid will not to go ,0.45,0.35,Positive
60, sir mm good evening I am uma Shankar Singh n my mobile number is  and second is  Which use to book Ola But you can check my booking two or three times Ola driver cancel my booking and charge come on penalty on my mobile number It is not my fault,0.30000000000000004,0.35,Positive
61,   by when a customer can fully rely upon  as after complaining within Ola app drivers are showing such behavior and if service cant be offered then isnt it a good idea to close business in the city,0.55,0.35,Positive
62,  Here you go  I need full refund for my trip  httpstcoWiGPrJDBO,0.55,0.35,Positive
63,  Its better to use Ola  take a Ola Select subscription and avoid such mental torture No cancellation fee  priority drive and best drivers,0.375,0.35,Positive
64,  this is the number of ur driver    He did not use the app and is now asking for the full amount on return journey,0.55,0.35,Positive
65,Ola  how you doing ‚ô•Ô∏è hope you‚Äôre having a lovely afternoonare you ready for the weekendüòâcoz I am The best  songs are  Bad guy  Se√±orita  Good for you by   hehe ‚ô•Ô∏è could you dedicate any of those songs to  ‚ô•Ô∏èmuch loveü§ó,0.5633333333333334,0.33999999999999997,Positive
66,  Hello  Of   by the name of     Where is my money   You gave super flop statements about giving ride voucher but we receive nothing      Till Date ,0.6666666666666666,0.3333333333333333,Positive
67,  A Agent named  was really helpful and helped me out in these situation You really need some people like him Have a Pleasant day Ahead  Please annotate him my thanks as you can check calls regarding this booking  httpstcoirDnYBEM,0.39166666666666666,0.3333333333333333,Positive
68, For CRN why didnt the driver accept  I was highly inconvenienced as Id just landed in the city and wasnt having cash to pay Id to opt Postpaid to pay whereas there was offer ongoing in GPay of  off for rides amounting to  or more,0.52,0.33,Positive
69, I would rather save the money and gift myself a two wheeler instead Wouldnt cost gt Rs on fuel per day up and down Lol,0.49444444444444446,0.32222222222222224,Positive
70, Sir many wouldnt even be knowing about this all new CAB except Ola or Uber,0.4772727272727273,0.3181818181818182,Positive
71,Service standards  Ola even refused to acknowledge the issue Need better media management for sure Not accepting an issue wont work for long,0.5962962962962962,0.31666666666666665,Positive
72,    it is amusing that yesterday i received an email stating that my kyc for ola money is pending and I have to take action  Amusing because it is i who is asking olamoney why my kyc is not complete even after almost a month of homevisit,0.625,0.31249999999999994,Positive
73, That doesnt answer my query You are asking for a higher fare predicting a surge What if the surge never happens You would still end up charging us more right Is that even legal,0.4339285714285714,0.3089285714285714,Positive
74, u have charged me a full amount for a trip which end midway due to a protests in gurgaon Delhi and I had to walk to Udyog Viharis that fair   httpstcoZBXusmi,0.6083333333333334,0.3083333333333333,Positive
75,n I call  and a guy ‚ÄúSaurav‚Äù who takes  minutes to get the problem basically wants me to chase this guy around Delhi Fantastic work Ola,0.5,0.30000000000000004,Positive
76, so there something going on with ola autos in Hyd I took the ride n when I went to on app to give ratings it showed ur driver has cancelled the ride when it completed Kindly look into it  N the number was also different this auto took booking with  auto No  httpstcorUERXw,0.75,0.3,Positive
77,So the bus takes same time as cab  Ola Uber  charges  of the cabs charge and is much more comfortable The ride from Whitefield to KIA took  mins ,0.47500000000000003,0.3,Positive
78,  Oh this happens with Ola too amp of course if we are paying by cash or card So i rarely use them,0.9,0.3,Positive
79,  to start direct  buses from each location to office to reduce the  congestion ex  to  will be more profitable in the age of      ,0.45,0.3,Positive
80,   Yeahfor some reason Uber drivers are more professional than that of Ola,0.3,0.3,Positive
81, that ola gives them money after  days of every ride Kindly tell me how is this my fault And how is it related to me choosing cash or card as a payment option,0.65,0.3,Positive
82,   They don‚Äôt give a damn bro Uber has been taking customers for granted since ages The drivers are not getting penalised for cancelling trips instead we are levied a cancellation fee Switch to Ola Far better service and driver network,0.75,0.3,Positive
83, refer the ss for the cancellation details which was refused by the auto driver to accepting actual rate determined by the ola app is Rs  he asks me to pay  Kindly look at this and resolve immediately  httpstcoQNvEnsDnI,0.5,0.3,Positive
84,Thank you Ola for your very positive response,0.7090909090909091,0.29545454545454547,Positive
85,    That driver was so confident that nothing will happen to him as he would offer bribe to  and escaped happily  asked us to come down to Miyanpur police station to register complain in night or next morning,0.5305555555555556,0.2861111111111111,Positive
86,Right time to switch to OLA,0.5357142857142857,0.2857142857142857,Positive
87, you have not paid Riyaz driver in Pune ‚Çπ His payment is stuck since  years That‚Äôs is why he has stopped driving for  I am travelling with him as a passenger right now Unprofessional to hold payments for the hours he has driven  ,0.5357142857142857,0.2857142857142857,Positive
88,In a true sense the real competition of Uber Ola is ,0.47500000000000003,0.275,Positive
89, HAHHAHAAHHAHA  TRUE üòÇ is there something on my face pa siya HAHAHAAH PANUORIN MO YANG THREAD HAHA JUSKO,0.475,0.275,Positive
90, I‚Äôve already done it Provided you with the details needed A quick revert would be appreciated as I‚Äôd like to get on with my day without having to go around in circles with you,0.3,0.26666666666666666,Positive
91,Follow traffic rules for better Transportation Do not interrupt new Bus lanes Its not courtesy its a Law Appreciate the new rules       ,0.4696969696969697,0.25757575757575757,Positive
92,  was the most recent experience,0.375,0.25,Positive
93, Sure sir please check screenshots and why receiving multiple times otp after  min  booking time  httpstcorsWbHBu,0.4444444444444444,0.25,Positive
94, With in  min i booked another cab and travelled on same place Most of time driver denied his duty coz we are paying with wallet This is a unprofessional things amp u r charging with us Why  httpstcoifYZhqCg,0.3125,0.25,Positive
95,  Yup Thank god for Uber Only use Ola bec of ola select and pass But out of peak hours Uber rides are better value,0.75,0.25,Positive
96, CRN  This Person called me and first sentence was are you paying cash or Ola Money and then denied  httpstcoQfRKpctA,0.3333333333333333,0.25,Positive
97,   Pl dont be bias rehman chacha ka patthar peaceful hai aur jahan girega vaha bhi piece ful he rahega  Ola uber,0.5,0.25,Positive
98,Exactly difference of zero between the transfer price of ola aina and eden hazardüòÑüòÑüòÑ  httpstcoZBuZsZNo,0.25,0.25,Positive
99, Untill I am not getting a proof of toll charges paid I wont be able to pay the same As in prev tweet I already have told you that for my source and destination there is no toll mentioned in the link Thn y I hv been charged,0.375,0.25,Positive
100, Untill I am not getting a proof of toll charges paid I wont be able to pay the same As in prevttweet I already have told you that for my source and destination there is no toll mentioned in the link Thn y I hv been charged,0.375,0.25,Positive
101,  Every time I m charged with a higher fee  httpstcoXOCEaja,0.5,0.25,Positive
102,First they blamed us for using Ola Uber Now they want us to support  üòêüòêüòê    ,0.3333333333333333,0.25,Positive
103,     first tym in my life I feeled racism when my driver said u spilt beer in my cab and his Allah wont accept it However rs covered the all dysfunction done by me U all need to check that,0.3333333333333333,0.25,Positive
104, Nope dont think so Although i have been using exclusively ola for last   months So cant say about latest trend,0.48333333333333334,0.25,Positive
105, Great idea I never liked ola or Uber,0.775,0.25,Positive
106, it doesnt help because until I am getting a proof of toll charges actually paid I wont be able to pay for itI am not asking for a receipt from Ola But I am asking for receipt of toll charges paid,0.3625,0.25,Positive
107, As discussed in telecon untill I am not getting a proof of toll charges paid I wont be able to pay the same As in prev tweet I already have told you that for my source and destination there is no toll mentioned in the link,0.375,0.25,Positive
108, Nop I dont think the issue is resolved as u continue to work with such driversI believe   works much better with customer concernssuch creeps can even end up raping ladies but unsure why ola is saving him just by suspending,0.5,0.25,Positive
109,  Any day service and charges are better with second one,0.25,0.25,Positive
110,The reason is rest of us We treat people basis their social status and job Everywhere  from school admissions to club membership to marriage prospects In fact things are changing because of Swiggy Ola Uber etc Some come from really good backgrounds but need extra ‚Çπ,0.2555555555555556,0.24444444444444444,Positive
111,  Fashion Statement Not all veg  vendors or Taxi drivers are poor in money terms They dont even offer fair price Try buying vegetables  some  Vendors are ready to throw on street rather than reducing price Thanks to Uber Ola people r able to ride  Otherwise not for mortals,0.5650000000000001,0.24,Positive
112, is when you discover a shortcut to office that saves you  mins in   thanks to Auto drivers pretty sure Uber or Ola guys would have never found it they struggle with regular routes,0.5414529914529914,0.2375,Positive
113,  please start wheelchair Accessible taxi service in Delhi so that persons with disabilities and senior citizens can also see the city and travel for their routine works No government has helped our community in this regards Kindly direct Uber and Ola to do it,0.3875,0.2375,Positive
114, please start wheelchair Accessible taxi service in Delhi so that persons with disabilities and senior citizens can also see the city and travel for their routine works No government has helped our community in this regards Kindly direct Uber and Ola to do it,0.3875,0.2375,Positive
115, ji please start wheelchair Accessible taxi service in Delhi so that persons with disabilities and senior citizens can also see the city and travel for their routine works No government has helped our community in this regards Kindly direct Uber and Ola to do it,0.3875,0.2375,Positive
116, goes to buy his own island forms own nation passport flag several government departments and all   and here the ME residing this as ME residing in all of that as ME is not able to book   cab without surge pricing     ,0.65625,0.2375,Positive
117,The new Uber and Ola but I don‚Äôt use em pickup zone at Delhi T is really cool Book your Uber stand in zone and board your cab in minutes unlike earlier when there was always chaos with only one entry point for all cars Good work  amp  üëåüèºüòä,0.6409090909090909,0.23727272727272725,Positive
118, Ok thanks again please remove Please remove the penalty imposed so that I can book the next ola,0.2333333333333333,0.2333333333333333,Positive
119,  today have booked two trips  both drivers refused to accept Ola money and fixed to cancel trips This kind of behaviour of your partners is not acceptable and against public service   ,0.3888888888888889,0.2333333333333333,Positive
120, hi team i have charged for incorrect cancellation charges for year back ride which got added in my todays ride Kindly refund in ola wallet PFA invoice looking for immediate action  httpstcobjAdJRgn,0.3333333333333333,0.2333333333333333,Positive
121, Looking good as per Fog looks There may be No Fog will be Sunny with Slight Clouds but As per Met department Snow fallOla is expected Later in evening on st and nd Jan to welcome new year,0.42020202020202024,0.22828282828282828,Positive
122,READY TO DIE BUT NOT READY TO ACCEPT  jo log ye bol rahe hai un se bolo  AND  DOWNLOAD KARE FREE ME AVAILABLE HAI APP STORE AND PLAY STORE PE,0.55,0.225,Positive
123,Ola on this againüòÇ your blood really dripping hot ü•µ today,0.525,0.225,Positive
124,      Ola have found out new way to make money now driver cancel the trip n Ola charges u rs  many times happened yesterdays was fresh incident strangely u cant call them too now a days,0.4011363636363636,0.22159090909090906,Positive
125,  so apparently thats how sincere ur ‚ÄúSAFETY TEAM‚Äù is They dont even bother to take any action against a driver who is driving a car woth faulty breaks Gr jobüëèüèªüëèüèªüëèüèªüëèüèªüëèüèªüëèüèª,0.31666666666666665,0.21666666666666667,Positive
126, File a complaint and they shall return the amount     I am also facing the issue since long where Ola drivers are asking   Where to go  Mode of payment  and then said Ok and never come Although penalty deducted from our side  Try  they are going good,0.42500000000000004,0.2125,Positive
127,Missed my first ever flight All thanks to  screwing up my booking at the last moment Because Ola and Uber are not reliable I booked a special cab one day in advance Now even those are not reliable What exactly can one do now,0.28428571428571425,0.21142857142857144,Positive
128,    Yes gvt should think of providing a app based cab and auto services pan India It will help drivers to earn good amount for their hard work Mediator like ola uber on an avg take  of the ride amount Gvt should think   ,0.5708333333333333,0.20416666666666664,Positive
129,Who ever is the founder on     pls upgraded the system  my money is Ok for charity or free of cost we all work Hard for it,0.6138888888888889,0.2027777777777778,Positive
130, I had booked ola yesterday driver was at  minute distance and kept saying coming and cancelled it by coming near Wasted my time by this unethical behaviour Kindly ban such drivers  CRN   Kindly take strict action,0.46666666666666673,0.20000000000000004,Positive
131, Really My patience is appreciated How much longer do you need just to resolve this issue,0.16666666666666666,0.20000000000000004,Positive
132,I have spent more time waiting for my cab than in the flight from Bangalore All thanks to      ,0.26666666666666666,0.20000000000000004,Positive
133, Thanks sharing Ride details for your reference Looking forward to get some satisfactory results  httpstcoWguQvYSo,0.2,0.2,Positive
134,    trying to book cabs from last  mins after the booking is getting confirmed the drivers are denying the ride,0.5333333333333333,0.2,Positive
135, I dont driveso i dont buy cars and use Ola amp Uber I am that fking cause of economic downturn in the country  for you,0.2,0.2,Positive
136, today again your cabbie refusing for drop off location and neither ready to cancel the ride  httpstcohGBDQoebP,0.5,0.2,Positive
137, Thanks,0.2,0.2,Positive
138,Hi  driver kept getting these pop ads It minimises the navigation often and he was really disturbed in driving to keep closing it He said it‚Äôs coming from inside the Ola partner app  This can real distraction for drivers Can you look into pls  httpstcowyzWTAoEq,0.25,0.2,Positive
139, Thanks,0.2,0.2,Positive
140,Its really a refresh thing to be here at Blore once you are living in the gloomy amp polluted weather of Delhi NCR    But OlaUber drivers compensates the feeling Dont really understand their curiosity to know drop location even before  the confirmation is notified,0.2,0.2,Positive
141,       Who is responsible for olas intentional default to customer,0.55,0.2,Positive
142, What action will you take  May I know  As Drivers are not afraid of you and keep abusing Ola people always,0.5,0.2,Positive
143, get real ola you show  rs during booking an auto and charge  after ride completion,0.30000000000000004,0.2,Positive
144,  OLA on purpose wants drivers to cancel amp chase away customersdoes it want to shut shop in Indianot clearmy exp day OSN   Driver calls me asks my destgoes ahead amp cancells,0.1,0.2,Positive
145, Been Wanting to have this for years now haha,0.3,0.2,Positive
146, Thanks,0.2,0.2,Positive
147, What nonsense Do really understand what is the problem with me This is the type you treat your customers ,0.2,0.2,Positive
148,        Thanks a lot,0.2,0.2,Positive
149,  SirMadam my ola account is permanently blocked without any intimation simply saying  I have not followed ola terms  No customer care is picking phone I travelled yesterday but didnt get invoice I need my invoice only Kindly look amp send my invoice copy,0.7523809523809524,0.19999999999999998,Positive
150, hi team i have book ola round trip from pune to mumbai toll taxes are included in fare or its excluded kindly confirm ASAP looking for ride,0.65,0.19999999999999998,Positive
151,True  however This is a problem everywhere with   their driver doesnt accept the digital payment dont come on time and top of that if you cancel a ride due to the driver issue you are charged by  ,0.38125,0.18125,Positive
152, We knw him more thn Washington Post n he is much more civilized for radical islamic force in the worldCoz thy need more worst treatment than this Thes Islamist breaks the state property burns locals vehcle shouting olahiuber n hails pakistan in India for murdering hindus thr,0.6799999999999999,0.18,Positive
153, My friend has left her phone in one of your cabs Pleas guide how to reach the driver It‚Äôs very urgent Hoping for a quick response,0.26666666666666666,0.17777777777777778,Positive
154,Mornings when I have to leave my car at home and take an Ola to office Thanks  You finally made me install  app on my phone after  years No value for loyal customers  httpstcoSnQYVaiYIQ,0.6777777777777777,0.17777777777777778,Positive
155, Poor funnel conversion and high barrier plagued the CC landscape Now with Amazon Flipkart OLA Paytm CC  they‚Äôll focus on data better conversions experiences right rewards  M new CC in no time   Also excited for UPI getting rid of PIN for micro tx  httpstcowPBrZDIcV,0.5633766233766234,0.17617965367965369,Positive
156, Its not a feedback Its a complaint requires appropriate action There is a huge difference,0.425,0.17500000000000004,Positive
157,  Accha or olauber Main to flight khud  nhi milti ,0.3333333333333333,0.16666666666666666,Positive
158, Violence appears more in media than on ground I have travelled from Ranchi Jharkhand to Kolkata in last two days by Road amp Rail and by UBER and Ola cabs in last two days but didnt find or see Violence anywhere,0.2111111111111111,0.16666666666666666,Positive
159, As notified earlier Untill I am not getting a proof of toll charges paid I wont be able to pay the same As in prev tweet I already have told you that for my source and destination there is no toll mentioned in the link,0.4166666666666667,0.16666666666666666,Positive
160, As notified earlier Untill I am not getting a proof of toll charges paid I wont be able to pay the same As in prev tweet I already have told you that for my source and destination there is no toll mentioned in the link,0.4166666666666667,0.16666666666666666,Positive
161, ola executive has booked this trip at Rs  but after completion of trip ola charged Rs  We have booked another cab on Uber App for same route at Rs  even they have forgotten the way and taken more time compare to us but uber has charged same amount  httpstcoJxodqrwk,0.25,0.16666666666666666,Positive
162, Last week I was there n to my horror none was interested in wearing it alike  Spoke to Ola amp uber wala they said Police isnt interested in its Job,0.35555555555555557,0.16666666666666666,Positive
163, I thought its mulla thing to wear familiar dress and stab or behead them shouting uber or ola  Hindus do that now  Unthinkable  My ppl must not sway from peace,0.65,0.1625,Positive
164, Could you disclose how many Tamilnadu Employeescaptains are behaves rudely to your customers Mention Here For Transparency  Truth You cant do because you are corporate Your motive is only earning not worry about Passengers welfare  Kindly learn from   etc,0.6,0.16,Positive
165, jealous what has this pappu and his father got in him They dont have action plans to increase jobs Since they came they ate jobs of cab drivers   for sake of PSVA badge They have earned there whole life because of corruption in MCGM in mumbai with support of all,0.25,0.15000000000000002,Positive
166,Road coming to BHAIJIVANJI LANE via S K PATIL UDYAN frm MAHARSHI KARWE ROAD is NOENTRY but board is missing as there is no way out for four wheelers on JSS ROAD so pls look into it as many olaubertaxiprivate drivers cme in and get blocked in Lane  ,0.275,0.15,Positive
167, Have been through this several times even my friends and colleagues have This is a standard reply Considering it has been happening over d years i dont think you bother taking action else there would have a been better experience   ,0.15,0.15,Positive
168,Some remind him that olahuuber is as yet not that powerful to blow up an entire state,0.8125,0.15,Positive
169, I dont know is it good enough for you to  waste my  for all these nuisances I have to suffer all these morning Although making a booking few many hrs before  Are you not really concerned for Cx Time  Please sort out thse typos really quick scnarios,0.3428571428571429,0.1476190476190476,Positive
170, booking  Step   You actually book a cab Step   Wait for drivers call Step   No call so you call Step   Driver asks whereabouts of the drop while it shows right there on his app Step   Driver asks Ola money or cash Step   Driver cancels the cab ,0.31785714285714284,0.14285714285714285,Positive
171,Would really want to know what is the exact action  ended up taking against such unprofessional behaviour,0.2625,0.1375,Positive
172,Congratulations to our so called comedians on getting a new topic to troll the govt since they have run out of jokes on Ola Uber and Bangalore Traffic  ,0.45454545454545453,0.13636363636363635,Positive
173,Ola hu uber got one brand new Cab to their fleet ü•ÇüöñüéÇ,0.45454545454545453,0.13636363636363635,Positive
174, Your customer service is good and he really helped me out in these situation and make me cool But it was really bad situation Have some Drivers Ready for go as You have for short trips As  outstatons are really for plannd trips  Am i r ,0.44523809523809527,0.13571428571428573,Positive
175, Where are you guys on this No calls no response that shows your unprofessionalism and the irresponsible behaviour your employees and the employer too Such a shame you bring Good that at least   still value the customer voice,0.5,0.13333333333333333,Positive
176,  Very irresponsible behavior from ola They have unnecessarily block my account  Kindly connect with me asap as Im facing booking issues  Contact  ,0.7000000000000001,0.13333333333333333,Positive
177,  Immediate action required Driver misbehaved with my mother Talked harsh language If your support team can call me I can explain more in detail CRN,0.4333333333333333,0.13333333333333333,Positive
178,The driver says cannot accept Ola money only cash and asks me to cancel the ride and when I refuse he says he wud cancel it  himself Later Ola sends me a msg of cancellation fee of Rs  Where is the regulator to stop this day light robbery ,0.5666666666666667,0.13333333333333333,Positive
179,              please take action otherwise going to high court,0.31999999999999995,0.13,Positive
180,  But   allows you to pool cars with like minded people going towards your destination   Make friends can talk referral for job switch and lot more   Cost effective in fact half of ola   Environmental benefit due to less pollution  OlaUber    httpstcoPBhNoXgjr,0.3816666666666667,0.12833333333333335,Positive
181, Public Transport can never provide Last Minute Connectivity unless you have underground Metro criss crossing cities like Paris London Tokyo New York   Focus on increasing coverage  Safe Taxi  Uber  Ola  Private ownership,0.2925757575757576,0.12727272727272726,Positive
182,Very surprised to get a call from  to help me out to raise a complaint after reporting an incident Highly appreciated and would be satisfied if strict action is taken against errant OLA auto driver,0.48,0.126,Positive
183, How many times I have to face same kind of fucking experience with you and your drivers When Drivers dont believe in Ola Money or Ola Postpaid then why the hell you provide this to your customers After denying the pickup he is not cancelling the ride  httpstcomfeuQrKMB,0.58125,0.12500000000000003,Positive
184,  This is true in other cities   and    In   most drivers r rowdy amp hooligans amp mostly behave rudely While driving they mostly chat with someone cancels ride abruptly  service sucks in  too  ,0.553125,0.125,Positive
185,   Dear  I reported the matter on August   and still couldnt hear any concrete information on action tkn against drivers Awaiting from  months  ,0.2,0.125,Positive
186,Surge Pricing by OlaUber  It‚Äôs controversial  Consumers hate it drivers love it Operators profit from it   Regulators aren‚Äôt sure how to regulate it Media reports indicate they may cap surge at X of the bass price   What‚Äôs your view on this What should be the cap,0.7677777777777778,0.12,Positive
187, If the same number isn‚Äôt going from customer ‚Äòs side  then you should coordinate and sort of cutomer‚Äôs long standing genuine grievances     ,0.3416666666666666,0.11666666666666668,Positive
188, So frustrated with your friends  Peaceful Bache nahi sunrahe hai   bar Ola Uber ki tara Peaceful Peaceful Peaceful bol rahi ho   Are super star puri duniya ko pata hai tumare friends ke peaceful behaviour ke bare me   ,0.43333333333333335,0.11666666666666667,Positive
189,                    Sir its true but what about this cab aggregators uber n ola they r looting both costomer n driver partner openly no responce FRM any body  Is law equal for all,0.4666666666666666,0.11666666666666665,Positive
190,  CRN  is pure cheating by an ola driver and ola supervisor team Until I get RS back I am going to keep fighting   ,0.25,0.10714285714285714,Positive
191,  CRN  is pure cheating by an ola driver and ola supervisor team Until I get RS back I am going to keep fighting  ,0.25,0.10714285714285714,Positive
192,In the land where ML may not mean   the  may not be white and  does not mean  and     Sohra  httpstcouEEOnnW,0.4583333333333333,0.10416666666666667,Positive
193, Check your inbox And clear my doubts,0.3833333333333333,0.10000000000000002,Positive
194, It was called business strategy when big bazaar gave huge discount and made local Kirana shops to suffer huge losses Now they cant fight amazon so started crying Same is the case when OLA was started,0.4375,0.10000000000000002,Positive
195, early morning your autowalas need cash instead of ola money They cancel the trip with me sitting in their auto Then you guys charge me rs for cancelling   httpstcoIoZhfyZup,0.3,0.1,Positive
196, What have you credited I have not seen anything I have not posted here to get any free vouchers from Ola I posted for service improvement Take Psychology test before joining of driver for Ola Once Ola show some amount for trip then it should be firm for all conditions,0.6000000000000001,0.1,Positive
197,  Matim Shaikh A driver misbehaved and was really arrogant Car details MH AM   He cancelled the ride without checking with me left me midway argued and requested for cash my trip was prepaid Please look into this urgently,0.1,0.1,Positive
198, I understand your points but what is the permanent action with pokayoke on one can do this again,0.1,0.1,Positive
199,So  cos your driver didnt cancel for over mins i have ended up booking an  cab  I lost over  mins of my Sunday cos of you Ola Hope you realise and become professional soon  httpstcowOIzrRbc,0.1,0.1,Positive
200,   your team infor to put  luggage bag in foot area are they really professional or computers are replaying on automation,0.1,0.1,Positive
201, waiting for my cab since last  mins  drivers have cancelled on me and I have a train to catch at am Is this how you people provide service  The whole family is just standing on the road,0.23333333333333334,0.1,Positive
202,   For your information and action please,0.1,0.1,Positive
203, Ive send you details in dm Have you taken any action,0.1,0.1,Positive
204,Was near Nehru Planetariumbooked Ola Driver asked for landmark   Me Chaand ke baaju mein hu He Sir uppar nai aa sakta niche aajao  OlaEnjoy your ride    httpstcohgvEnMHiwF,0.4,0.1,Positive
205,Driving a vehicle without license amp badge is a crime The  Transport dept have caught  drivers  ferrying ppl on  amp  platforms  without driving license Lets hope some action will be taken soon Read story below    httpstcoYMlkSIIrd,0.1,0.1,Positive
206, your app is not working and I think you should fix this asap  You play a vital part in our life and you should be watchful about your actions,0.4,0.1,Positive
207,So  year old nibbis on Instagram are saying we are rejecting INDIAN GOVERNMENT  CAB OLA  UBER  AUTO BRTS   I am like bahan  Pythagoras ka theorem thik se padh lo Varna board exams tuje reject Kar degi,0.2,0.1,Positive
208,Dear    Look this much you charged us   Only  Km and this much you are charging   Next time we will not use you You are cheating on us  Also check our  bill for return    httpstcooSVmCO,0.35,0.1,Positive
209,CAB is meant to lift those who r left behindWhy should  Ola o Uber worry so much when they are already protected n secured,0.1,0.1,Positive
210, Also provide me details of KM breakup for my complete journey,0.4,0.1,Positive
211,I received  ola money but driver taken Rs cash please refund  and take action immediately,0.1,0.1,Positive
212,  CRN  I select payment method ola money but driver taken  cash please check and take action immediately,0.1,0.1,Positive
213, Send proof of action taken asap   Before escalating this as  Drive against Ola Uber etc,0.1,0.1,Positive
214,The loss we are facing form last  days because of these so called    Common people knows the real problems and struggle that he is facing in Delhi these days No ola or uber are going to railway station or any where in Delhi most of the metro are affected üò°,0.3416666666666667,0.1,Positive
215,What the Hell this auto driver asking me  Where are going   I said my address He is on the spot Canceled my book  Pls action this guy         httpstcoRvnWuwjx,0.1,0.1,Positive
216, How would i know if  has taken some action against him,0.1,0.1,Positive
217,         Not sure if ola is using right practices with drivers as everyone asks for Cash  I think commission is too high and payouts is very delayed,0.5661507936507936,0.09892857142857142,Positive
218, drivers have this new trick where they call you and tell you that they have cancelled the trip but they don‚Äôt cancel it Om App Apparently we are charged for the cancellation  this has happened to me three times,0.4022727272727272,0.09318181818181817,Positive
219, Ola i had a different experience yesterday At mumbai international airport the cabbie tells me that i will receive a nd OTP of  digits for kyc confirmation Is this true and if so i foresee a risk I didnt get the otp but my kyc pics submitted earlier did show up,0.4375,0.0875,Positive
220,This is hilarious ü§£ Sarjapura road to Hosakerehalli is  on Ola micro Seriously I could go to the airport with that money üòÇ       httpstcoKiTUWckIHH,0.8333333333333333,0.08333333333333334,Positive
221,Particularly against defaulting Ola  Uber drivers who are cancelling rides post confirmation for various reasons including destination online payments etc,0.41666666666666663,0.08333333333333333,Positive
222, Can someone call me right away It‚Äôs extremely urgent,0.7678571428571428,0.08035714285714285,Positive
223,  money got deducted twice in my account but your postpaid recharge shows that money is pending and this is happened twice first time on  nov and second time today only I really don‚Äôt know why you guys doing like this I need my money back asap and pls call back,0.25555555555555554,0.075,Positive
224, came the fun part tried calling support which again took mins Spoke to rep and wanted to talk to sup which took another mins but as expected they are to busy n I ended up nt talking Finally when we cancel the cab you charge us penalty wil u b compensating to us,0.47500000000000003,0.075,Positive
225, I would like to inform you that I was trying to pre book a cab for tomorrow afternoon The app shows fares are higher due to high demand How do you predict future high demand P S It wouldnt hurt to read the tweet and examine the image properly before replying,0.36333333333333334,0.07416666666666667,Positive
226, What if cab not available Do we need to book again  We expect cab will definitely available as booking confirmed At peak time no cab mean where we have to go,0.621875,0.07187500000000002,Positive
227, I am not sure how come u can just suspend such creepsur company wants this to be repeated again with another pregnant ladyy cant u proceed with his removal from ola along with blacklisting him ,0.49722222222222223,0.07083333333333333,Positive
228,Dear    Refer below screen shot Both rides are cancelled due to driver demanding cash amp not ready to came at destination amp ola has charged cancellation charges  What is perpose of ola postpaid Most of time Auto driver demanding cash only Please issue guideline to Auto  httpstcofNVOXW,0.59375,0.06875,Positive
229, Hi Andrew Thanks for Followup I wanted to use your app for making the complaint But couldn‚Äôt locate the address Please make it user friendly for non tech savvy people Ola has a contact nr to access for instant assistance,0.39166666666666666,0.06875,Positive
230,‚ÄúMedam OlaUber money na athva cash aa Drop yellige medam‚Äù Never answer these questions It‚Äôs a trap Next thing you know is you get ‚Äúyour driver has cancelled we are finding you a new ride‚Äù message   ,0.22727272727272727,0.06818181818181818,Positive
231,    Wen we get down at any station no rickshaw or taxi as they refuse all fairs in peak time and uber ola cabs on high price and bus overcrowded it‚Äôs really hectic so pls see ground reality wat mumbaikar is facing   ,0.3429629629629629,0.06814814814814814,Positive
232,Lets make a difference with only one step towards following rules Thanks    Appreciate your support   Lets join our hands with city authorities        httpstcozHmndmQfF,0.43333333333333335,0.06666666666666667,Positive
233,Our premium pass holders really appreciated having priority to meet their favourite artistes This was Olas queue from last year it zig zags all the way to the back While queuing for your idol is a testament of‚Ä¶  httpstcouFLhWRTWpV,0.05555555555555556,0.06666666666666667,Positive
234,Drivers cancelled the bookings continuously  Somebody was with private passenger  Nowadays cab wala especially Ola people ask to cancel ride and pay on cash  They deny accepting   also  Is this what  India wants  Improve      ,0.4916666666666667,0.06666666666666667,Positive
235,There is no Ola or Uber economy   You are WRONG  charges  times of its regular fare on Saturday at  pm   KMS  fare   per km OWNING CAR IS MUCH BETTER madam We dont have govt cars unfortunately  no consumer laws  httpstcoYRxUAb,0.6192307692307693,0.0625,Positive
236, this is a new low this driver always closes a trip km before destination if it‚Äôs payment mode other than cash then he rated himself  star by himself  he has rigged that ola display somehow to top it all he drove so rashly he could have killed anyone on the road,0.32590909090909087,0.06227272727272727,Positive
237, Your option on Ola is disabled Low success rates Really  I use  daily amp use GPay Cant understand the restrictions on ur app  httpstcoQgQDxqeA,0.16,0.06,Positive
238,  I am trying to resolve the issue for the last  days  Wort customer care support  I dont want coupon and pay this Why this ridiculous üò° I am not able to ride in ola First time facing this kind of issue  httpstcoOmDIe,0.585,0.053333333333333344,Positive
239,For the attention of  users   A later fee of approx  per month if youre failing to pay the  postpaid monthly dues on time This is a huge hike üòî  Not sure if these rates are applicable across   httpstcobPzKDLcm,0.5962962962962962,0.050000000000000024,Positive
240, we lost our mobile in ola car we registered our Fir at Kalyan East police station Bt they didn‚Äôt allow us to mention ola car driver details on fir why  We clearly told them it  we forgot in ola car only and we asked them to call the driver once and question him,0.6916666666666667,0.05000000000000001,Positive
241, team on way to Pondicherry from Chennai  The driver has charged  Rs as permit No sure about it Neither is he ready to show any proof  Can u confirm  Thanks,0.5296296296296296,0.05000000000000001,Positive
242, From next time dont extend offers when u dont have the monetary capacity to honour it   ,0.0,0.05,Positive
243,     I had ride in ola on Dec  estimated date is  but final date is  I didnt changed the location Customer care doesnt agreed to refund It looks complete scam by ola Govt has to investigate  httpstcoABzXvSOYH,0.7,0.05,Positive
244, You can never stop this things happening inside ola You should completely stop cash Paymentthat will be the final step,0.7,0.05,Positive
245,Book an ola prime play Play loud Hollywoodtrance songs driver will definately drive the fastest as possible and try to get rid of you My all time fav technique to save time   ,0.9,0.05,Positive
246, Yes they drink during happy hours  then come down at  PM eat kulfi amp drunk drive or OlaUberMetro home,0.762962962962963,0.04814814814814816,Positive
247,I want us to highlight the concerns of those who subscribe to taxi services such as Uber Ola local Request everyone post your concerns on this thread I request  and other legal fraternity to consider possible legal support,0.3791666666666667,0.04583333333333334,Positive
248,amp another one asks me where do I have to go before actually arriving   New Year is about to begin with newer resolution Have u guys taken a resolution to enhance ur driver quality Or only days will progress not your services   httpstcosYAqexb,0.5181818181818182,0.04545454545454545,Positive
249, Spoke to your call center guys at the airport itself who ensured to help and put me on hold for  odd mins to speak to the driver But again the next driver asked for my drop location He then confirmed that he never got a call from support Why lie to customers,0.3375,0.03333333333333334,Positive
250,  Its a old trend govt n media will not act in this issue because they  r friends showing to public actuall they r partners like ola n uber cab agregators no one responds  They r thinking they r above the law,0.12222222222222223,0.03333333333333333,Positive
251,  because this involves mymother and aunt they are yrs old andin darkvillage if they had fallen anything could have happened your driver said he has to go empty for km I am an ex ola partner and I want strictest action against that car or I will go to authorities,0.26666666666666666,0.03333333333333333,Positive
252, Your drivers have made a monopoly at Delhi International Airport and ask for location even before boarding forget the OTP So its back to old cab days or  rocks,0.06666666666666667,0.03333333333333333,Positive
253,    This is a common practice now Specially in ,0.5357142857142857,0.02857142857142858,Positive
254, This is not regarding fleet Y is it that some customers get a cab directly with cab number and others have to wait in line for the next available cab There is no concept of first person gets first car Ppl having to stand in line r made idiots This wasn‚Äôt how it was last week,0.33333333333333337,0.028571428571428564,Positive
255, I‚Äôve been trying to register for Ola select since  days but your app is broken Please fix it asap  what good is your Diner‚Äôs Black offer of a free priority pass with Ola when their app is so broken I suggest you give out  coupons instead  httpstcoGvCCOmJKE,0.5266666666666666,0.02666666666666666,Positive
256, clearly just reporting the issue didnt work in my case What needs to be explained here is why your call center guys are deceiving customers into believing that action is being taken while actually letting goons run their local taxi business on an ecom platform,0.13666666666666666,0.020000000000000004,Positive
257,Do not take   in  My ride from  to  was ‚ÑÖ more then uber and ola and was mins delayed pickup Pretty bad customer care support üòî,0.7222222222222222,0.01666666666666672,Positive
258, It doesnt make any sense of your validation if you are not going to take any action Just becoz of your promise I booked rude with ola or else i wouldnt If you cant then you should not say first take and we will refund dont break customers trust,0.3444444444444444,0.016666666666666673,Positive
259,  What happened to solution of old ticket  that you guys close without any solution After I call again for information on same then you guys raise a new ticket  Its already  days to new complaint also Hope a year in not needed to resolve it,0.2868181818181818,0.014545454545454539,Positive
260,  Last Wednesday I was made to stand for an hr by Ola near India Exposition center Greater Noida and then received a message Sorry we couldnt find rides near you Please try again later,0.35238095238095235,0.014285714285714287,Positive
261,Tour specials auction only merchandises special limited cheki find Ola Aphrodite merchandises at EOY JCulture Festival    To attend her meet amp greet you will need to purchase at least  item from her‚Ä¶  httpstcocuSkQbG,0.5285714285714286,-0.0035714285714285726,Negative
262, Kindly don‚Äôt believe in  because they are fakeMy ola trip was ensured and due to the driver taking the wrong route  i missed my flightAfter days days of follow upsThis is what they came up with an excuseWonderful job Acko    httpstcooDYiQebfa,0.725,-0.00833333333333334,Negative
263, ola uber zommato Flipka Amazon culb factory sandela ani digital india  Google pay All these online businesses will not be closed otherwise the entire country of India will become a bay employment like utter pradesh because very large losses are damaging small shops,0.44702380952380955,-0.011904761904761904,Negative
264,   Ola send such Errant drivers on week leave to make up their mind n also give training how to drive n behave on    N when to horn n how to park n drive n all  Such silly mistakes r unsparable Pls fine amp suspend amp send proofs asap,0.59375,-0.02083333333333333,Negative
265, Yes the issue is resolved But dont be unnecessarily harsh with the driver excpt the fact that while closing the ride he shouldve marked it as a breakdown So that no other person have to resort to this long process It shdve been automatic on your part Save resources amp time,0.5187499999999999,-0.021875000000000002,Negative
266, Ola hu uber Earth is flat,0.125,-0.025,Negative
267,CAA  You  have no problem with a Passport Ration Card voters list PAN Card Ola Uber and all the apps You have given all the details there The privacy question arises only with NRC Strange     ,0.575,-0.025,Negative
268,That‚Äôs true of every digital transaction fat cats in IT  Banking and platform skim off at least   of the value of people‚Äôs money  Like a Black Cab ride is  or even  cheaper than Ola Uber if paid in cash ,0.37083333333333335,-0.029166666666666667,Negative
269,     They are providing as far as I know I get them almost all the time Probably in your area people are less But from a price point uber is less than ola as far as autos is concerned,0.5333333333333333,-0.033333333333333326,Negative
270,Ur system is completely crack Can someone from ola can debate on the subject  olascam,0.3666666666666667,-0.033333333333333326,Negative
271, Ride CRN Driver asked me pay ‚Çπ because the fare was ‚Çπ but  ride showing on screen ‚Çπ i have denied but he was not ready for ‚Çπ  so finally I have paid him ‚Çπ  I need to highlighted this issue because why Auto Driver demand extra,0.5333333333333333,-0.03333333333333333,Negative
272,Ola Layoffs  given pink slips total cuts to go upto  in next six months  httpstcocnxtIWCuf,0.35000000000000003,-0.03333333333333333,Negative
273,How smart is this have noticed this few times   how can you allow the driver to upload a pic with face hidden a teenager driving the vehicle amp don‚Äôt know if he is the actual cab driver Enable driver fingerprint scan before everyride    httpstcobCXRerEv,0.29404761904761906,-0.0380952380952381,Negative
274, My sister had made a booking yesterday night for th Dec at   am  As she was assured by her previous multiple Outstation journey that  are reliable and on time prior regarding their customer As prior to booking we recieved Driver Detail  httpstcoRyYijTfMZ,0.041666666666666664,-0.041666666666666664,Negative
275, Althugh aftr such a hctic sitution i recivd only msg some hw ths Question is just that r u seriously reliably concrned only with  driver amp in case of any emergency or Priority you dont have any other Driver ready to go thats    httpstcoUtZJXMQE,0.673611111111111,-0.04305555555555555,Negative
276, FastTag will further reduce jobs FastTagecommerceAmazonFlipkartPhonePeBhimPaytm No cars Uber‚Äôs and Ola‚Äôs No houses coshare Est business closed and start upindia is in trillion economy clothes made in Bangladesh Arms made in USA and I phone assembly Indian No Jobs,0.3,-0.05,Negative
277,Shame on  I just read the story of  who had to drive his way home in an ola cab when the driver allegedly kept dozing off Read it in   should keep a limit on the number of hours a driver can work to avoid such massacre,0.3,-0.05,Negative
278, way cancellation charges when the driver its  min travel to your point  it was a long wait time  httpstcodtgzec,0.4,-0.05,Negative
279, So your cabbies at all places have same attitude Denied for drop location and not ready to cancel the booking  httpstcoVjKmnISk,0.3125,-0.05,Negative
280, I‚Äôve been trying to get a refund for my ride on th Nov where I ended up paying twice for it Waited patiently for  days yet there‚Äôs been no followup What‚Äôs taking a refund this long,0.4,-0.05,Negative
281,Time for Uber and Ola to enter this space Rentals for long rides in India than intracity I guess,0.4,-0.05,Negative
282,  Thn after We were askd to cancel the ride as drivr was not ready to drive us thrugh although i can understand thats his personal call and As soon as he cancel i was issued with  cancellations chargewhich aftr contacting  is waived off,0.4,-0.05,Negative
283, No action yet,0.1,-0.05,Negative
284, Kms in  years   This is what an UberOla car does in  years source Uber drivers   I checked my car have done less than kms on each of my two cars in the last  years   How underutilized car üöó is as an asset for personal use,0.14444444444444446,-0.05555555555555555,Negative
285,OLA etc are facing tremendous hardshipsstudents are unable to fill up their online application forms for their examinations Is this something that webeing the citizen of the worlds largest democracycan expect where the govt in force talks of Digital India ,0.5,-0.05555555555555556,Negative
286,    Eveerbody knows who kills after shouting ola hu uber  Long list will take you an entire day for you to read  httpstcoYloLnqbi Magnitude and scale of operations unmatched with any other religion in the world,0.4666666666666666,-0.05833333333333333,Negative
287, You guyz are shameless  I have been charged wrongly for the extra  kms I have attached all the screenshots but the only response i got was please wait we are checking into it You dont take this much time for charging extra money,0.4600000000000001,-0.06,Negative
288, Dear Ola Support Team   I think you are really having zero knowledge of English and you are keeping some useless team members at your Digital Resolve team  My DMs r received at your end  since last one day but ZERO reply received till date  And you are keep asking  ,0.09333333333333334,-0.06,Negative
289,     ola cancellation refund fraud    Driver did not come Forced me to cancel got  Rs fine Post complaint some coupon has been issued that too with validity to use again to book ola within two monthsWhy validity Do not cheat Indians,0.3,-0.061111111111111116,Negative
290,I booked an  Prime for my outstation trip However I am paying only to see this The driver is not aware how to fix it either   I feel cheated  httpstcopDboGWDiQ,0.625,-0.0625,Negative
291,   Saw a FB post the other day complaining about the same thing Seems like this is the norm these days Thankfully Im not an ola user,0.25,-0.0625,Negative
292,He told me both locations are different they werent different The driver fooled me and asked me to step down in remote location   Is this how you people cheat and treat customer ,0.4222222222222222,-0.0638888888888889,Negative
293, Only cash or Ola Money available as payment options That‚Äôs stupid Why can‚Äôt I set up a cc I don‚Äôt want to do KYC for a new wallet just for rental,0.7136363636363636,-0.06590909090909089,Negative
294, Thanks for a fucked up experience ruined the whole dayüòä,0.4333333333333333,-0.06666666666666665,Negative
295, This is very simple and common answer in that time all service providers what action you taken no one can do this again,0.3547619047619048,-0.06666666666666667,Negative
296, Sir when can you initiate this in Bangalore Facing lot of issues with cab drivers Cabauto cancellations very rude demanding for more money etc Neither Ola or Uber taking it seriously  httpstcoaLVSRhZB,0.648888888888889,-0.07444444444444444,Negative
297,   I missed by ola cab and chasing acko insurance from past  days No support from their side They ask for no show boarding pass which  clearly said doesn‚Äôt exist I have already provided my Bith the tickets tot he team ,0.31666666666666665,-0.07499999999999998,Negative
298, He has been visiting for the past  years but it hasn‚Äôt been resolved so far,0.625,-0.075,Negative
299,  Uber amp Ola drivers both taking customers for a ride by selectively accepting and then refusing During last twenty days Uber drivers have let down Uber needs to pull up their socks,0.17777777777777778,-0.07777777777777779,Negative
300,MhEH  White pvt taxi driver continuously usinh mobile while driving Seeing up n down again n again n driving car he may dash some just now at mahim w SB marg towards matunga took turn  ,0.14444444444444446,-0.07777777777777779,Negative
301,It‚Äôs almost  mins waiting for the  and my battery drained down to  from  but the  cab is still at the same location So unprofessional behaviours At the end  comes for the support,0.20694444444444446,-0.07777777777777779,Negative
302, I usually dont write but now new things ola drivers came up with they reach nearby not exactly your location when you call them up they argue they are on location then say cancel booking as by that time their  mins get over where customer get charged   httpstcoqeAHQsuSa,0.3181818181818182,-0.07954545454545454,Negative
303, Poorest services you have the the city like mumbai Shame on you ola Trying to book a cab from last  mins What you dont have enough cabs in Mumbai Zero frequency of cabs Very poor service provide   is so fast and reliable,0.4866666666666667,-0.08,Negative
304,  Hi Ola Team  Today I have traveled by Ola Auto and my total charge amount RsI  have paid Rs by Paytm However its  still showing due balance Rs amounts in Ola Postpaid Please consider my payment and remove due amount in Ola Postpaid Please resolve it  httpstcoqHTEYmfWdV,0.5,-0.08333333333333333,Negative
305,Is   seriously suggesting that the demands for cabs on  Jan at  is high already Bizzare  httpstcojiVuaRVbgn,0.6033333333333333,-0.08666666666666666,Negative
306, Tried again i am chasing   from past daysThe total loss encountered due to this was k next day flightdouble commute from airport kIf your rd party is not working its your duty to follow up not your customer‚Äôs duty  ,0.34375,-0.09375,Negative
307,so plz Its my request to  to take an action on himand a advice to  to   update their server As i was trying to complaint it was failing continuously,0.15000000000000002,-0.09999999999999999,Negative
308, Please let me know after my complaint why did my two rides got cancelled back to back    httpstcoEsiribEBf,0.06666666666666667,-0.09999999999999999,Negative
309,      You are such a pathetic company Same place same destination even after having a ola pass I get charged more  httpstcoNcDtxmyu,0.45,-0.1,Negative
310, Terrorist who are shouting  and burning homes destroying public property throwing stones on Indian citizen should be shot at site,0.03333333333333333,-0.1,Negative
311, why driver not coming for pickup and why he accepted ride I am standing with my toddler and facing heavy difficulty with outside whether Shame on you Ola guys  httpstcosfhywrUk,0.275,-0.1,Negative
312, If you cant deliver in a city like mumbai where company aims to get majority of the revenue There only the available of cabs isn‚Äôt possible You idiot sell your company and go home,0.8,-0.1,Negative
313, Auto guys always demand for cash payment else they deny to come Some went ahead and told cancel trip and they wil drop us for same fare without booking  Always get to hear tat Ola holds back the payment to auto drivers hence they are forced to do this,0.10833333333333334,-0.10000000000000002,Negative
314, I have worst experience Confirmation comes late and than charge cancelation fee Cannot wait for five minutes Ola has best service,0.6333333333333334,-0.10000000000000002,Negative
315, Some of the people with whom i interacted on this topic said similar thing one ola cab driver actually said  that men feel a sexual urge that is difficult to suppress on seeing girls in foreign attire and that it was the girls fault It is actually scary people think this way,0.576388888888889,-0.10416666666666667,Negative
316, How sick does one feel when we get charged more after buying a ola pass  Is it because you guys think the customer has to book ola just because he purchased the pass,0.6785714285714286,-0.10714285714285715,Negative
317, Returning money is secondary and NOT good enough  Your needs to be updated to address three issues  It must show if AC isnt functional  Rating of driver must have following parameter also a Asking destination on telephone b Talking loudly on phone continuously üôè,0.4600000000000001,-0.10999999999999999,Negative
318, I hav serious safty concern with Ola Auto raised this several times before Today again the driver amp vehicle came for pick up are different frm what is shown in the app I had to take this ride due to urjency  CRN    httpstcoVeirSeNP,0.41041666666666665,-0.11458333333333333,Negative
319, almost missed my flight because of your driver who not only requested OTP on call made me wait for about half an hour but also refused to come to the location Wasted about  hour on this who‚Äôs    ,0.3888888888888889,-0.12222222222222223,Negative
320,Dear   pls make a rule for ur drivers to stop using mobile phone during driving I use  rides a month  of the drivers talking almost  of the driving time over handsfree while driving making life unsafe for passengers other vehicles n pedastrians ,0.375,-0.125,Negative
321, i paid ola postpaid amount transition also sucessfull But it shows due  httpstcomockjtcOI,0.375,-0.125,Negative
322,She is unfit n unbecoming of FM She had said due to Ola n Uber sales of cars has declined Now in stead of showing concerned for soar price  of Onions she said her family doesnt uses onions Shameless person,0.375,-0.125,Negative
323, Done let me know for any other information,0.375,-0.125,Negative
324,I just wonder what action will  take on Abdul for treating Ola customers do badly Does Ola realise how much damage drivers like Abdul do to their brand,0.3222222222222222,-0.13333333333333328,Negative
325, KYC to be Olas customer   KYC to get Ola Money  KYC to get Ola Credit  KYC to get Ola Drive    can you let one person handle your platform Low key Tired of your bullshit,0.6666666666666666,-0.13333333333333333,Negative
326, sorry to say but my current ride is the last time I am using your service The Ola App sucks   Happened  times notification says booked you click on notification open ola and nothing The driver came cant find OTP as Ola will show only a map that we see on start,0.5444444444444444,-0.13333333333333333,Negative
327,  I booked a shared Ola cab from Alpine Viva to  some location near Madhepura After booking the drop location got changed to Bethany Indira Nagar I got confused I asked the driver He stopped car in remote area and asked me to step down,0.39722222222222225,-0.1388888888888889,Negative
328, I wonder what goes on in the minds of thinktanks at Ola you have all the money in the world have an ugly app UI your drivers are rude your prices are high What exactly are these nincompoops trying to achieve,0.5975,-0.1475,Negative
329, after left phone today in ola  cab came to lodge complaint in salt lake office but deny to registerd asked to regd over email what a shame CRN in Sakshi Poddar,0.1,-0.15,Negative
330,    It is not just a feedback But a complaint and same I am going to forward to Consumer forum through NCH for failing in providing in promised services,0.1625,-0.15,Negative
331, my ride has been even rejected after   pm in Natpur City quite a few times just because our destination was a bit out of City center,0.1,-0.15000000000000002,Negative
332, to the experience that I had on Sunday here is another instance of your services by  I booked a cab after hardly finding one which showed it will take   mins hence cancelled due to long wait time  booked another by  which had a wait time of,0.4388888888888889,-0.15555555555555556,Negative
333,When Internet is down and millenials cant book Ola or Uberüòá  httpstcojaDHSQxjbB,0.2888888888888889,-0.15555555555555559,Negative
334,  bad experience with ola partner rude behaviour unsafe ride driver had dropped in mid way and  is least bothered about safety it was better ride with    httpstcoXIFIYKjQcX,0.4333333333333333,-0.15999999999999998,Negative
335,Early morning today I wanted to get Ola taxi from Karbigahiya side of Patna Jn but failed as booking system is so complex Plz simplify the procedure so that common man can connect with you Thanks,0.33999999999999997,-0.16,Negative
336, Now please provide cab which is not already in on trip This is the rd rental service i booked today and all of them were on previous trip,0.16666666666666666,-0.16666666666666666,Negative
337, Biggest Irony is I have sent Emails DMs and still u need a DM to understand the problem   Serious issue with your digital cell  Hire some brains  experts   ,0.3333333333333333,-0.16666666666666666,Negative
338,  Ive paid the payment of Rs  yet it is showing pending in my account Also due to this I am not able to book any other cab  httpstcoUuTsaLNJH,0.4583333333333333,-0.16666666666666666,Negative
339,In Chennai   I would love to give  star to every driver  who keep communite in English  Who dont ask  where are you going location kidhar jana he  n dont cancel it   who dont ask Payment Cash or online   u are at the worst ,0.5333333333333333,-0.16666666666666666,Negative
340, This booking was done in advance by me by the option of ride laterBut this man totally refused to pick up I had scheduled ride as i have to catch a train But unfortunately at the last moment i took the help of my friend for dropping me to station  httpstcoyMTwxoahw,0.6055555555555555,-0.16666666666666666,Negative
341,Hey    cab wale ab apne rishtedaro ko bhi bagal bitha ke laane lage hain ride pe  there was a man sitting next to the driver what the hell  please find details below highly ridiculous  httpstcoIItMEuTN,0.5,-0.16666666666666666,Negative
342,Ola fares are nearly half of Uber these days  What‚Äôs happening ,0.16666666666666666,-0.16666666666666666,Negative
343,  i didnt rated the driveri want to rate for my previous ride please help with this,0.16666666666666666,-0.16666666666666666,Negative
344,   Ya half of Indian people dont know about thissome are thought its ola uber,0.16666666666666666,-0.16666666666666666,Negative
345, Hi Bhavish A ola driver cheated me and your  is repeating the same message like parrots A similar incident with   a high official called and resolved With ola everyone says the same text book answers Pathetic,0.438,-0.16799999999999998,Negative
346,  why should I pay  rs since your driver denied any other mode of payment except cash  even I am getting late for cathing my flight still I am on the way and get late due to your driver denied last minute to reaching Even ola should penalized for this   httpstcoGlkaEZfJ,0.4033333333333333,-0.16999999999999998,Negative
347,   Its updating the next ride itself from last  minutes I had to cancel myself Very poor  httpstcoxVhCCMKNt,0.2822222222222222,-0.17333333333333334,Negative
348,    Thanks for coming up support It was  PM and I was with my wife and two small kids  year and  years respectively   behavior was also very annoyed That driver insisted to drop us after our complaint but we refused as we booked  amp scared to ride ,0.38,-0.17400000000000002,Negative
349, Please refund my money I had booked this cab to airport n d cab broke down just  km frm my pick up point I had to book another cab n i struggled to reach airport in time U cn check with driver Bad customer service by OLA m your loyal customer since    httpstcoMGDRabyp,0.5962962962962962,-0.17407407407407405,Negative
350,        Just another hollow assurance like always  I will be charged your surged rate The driver will be elevated with the ranking of  and for you just the usual business All forgotten,0.15,-0.175,Negative
351, I am unable to book new ride as which booking I have completed that one is Showing on my dashboard of ola Mobile   httpstcoveHSmCK,0.4772727272727273,-0.18181818181818182,Negative
352, Things are not good in Ola They fleece customer  overchargeTheir driver cancel their trip at last moment and you suffer for their denialTheir denial and you are overcharged for their denial Customer safety is too missing in their service To hell with ola,0.23888888888888893,-0.18333333333333335,Negative
353, we had very bad experience on  November when your driver did not picked our call early morning even when we prebooked our ride a day before Thanks to OLA as we got our train early morning through their ride Worst part was we were charged for cancellation Big Thanks,0.4238095238095239,-0.1871428571428571,Negative
354, not able to book since last  mins Any issues Everytime it says something went wrong please try again later,0.3979166666666667,-0.1875,Negative
355, poor and unreliable services of  today I booked ride driver said giving excuses ride not showing after i contact to support then after long discussion again rescheduled but otp is not showing my app i have wasted half hour usuallyuse   half day salary,0.2666666666666667,-0.19666666666666666,Negative
356,This is frustrating   When ever I call customer care to report any issue  concern I get a response We are facing technical issue to retrieve your details       ,0.5,-0.2,Negative
357,I tried to book a Ola cab today morning and this is what I faced  It was frustrating  Finally booked  And reached office  I just dont want to uninstall Ola thats why attaching proof also  Sector  Noida Delhincr         httpstcotXReozOHX,0.95,-0.2,Negative
358,It was a very very worst experience with  kindly look for this situation   any how I need to pay him because I have urgency to go But thats not the way I ask him to talk with  but he denied And i was also in hurry üòî,0.95,-0.2,Negative
359,    few of these  httpstcojnpYgbSppq,0.1,-0.2,Negative
360, The Ola Play and Incab Wifi both are not available,0.4,-0.2,Negative
361, spoils the vacation mood with poor customer management  prime play will be my next choice,0.3,-0.2,Negative
362,Indian taxi firm Ola signs up  drivers as it looks to take on Uber with London launch  httpstcosjdfVpO Indian ridesharing firm is to launch in London in   The firm said it has signed up  drivers in three weeks  Rival Uber is at risk of permanently,0.4000000000000001,-0.20000000000000004,Negative
363, its been more then  minutes Driver niether  coming nor picking the call And he has cancelled the booking   Very bad service from OLA  httpstcoSAiGKqQI,0.6833333333333333,-0.2049999999999999,Negative
364,  your drivers canceled ride after asking for destination one time I told he canceled even if it was scheduled ride nd Time again other driver asked I denied to tell he still canceled Destination is hardly km,0.4583333333333333,-0.20833333333333334,Negative
365,  why you charge rs for cancellation your driver denied his duty so we are not responsible for that Why we charge Its not fair,0.7250000000000001,-0.22499999999999998,Negative
366,I am the regular customer of ola cab what I feel today its a pathetic service and unnecessarily charge They show  and they charge  Uber is better than olai am uninstalled ola aap now       ,0.6192307692307693,-0.22499999999999998,Negative
367, whats wrong with ola money None of your drivers are accepting ola money Every daily wage driver is cribbing how they dont get paid on time Youve also disabled UPI apps amp BHIM temporarily Weve to carry cash everywhere now,0.39999999999999997,-0.2333333333333333,Negative
368, Team to I had a pathetic experience with ola cab drivers they are simply cancelling the trip because they dont wish to go to the destination Such unprofessional behaviour is not expected from a brand like ola Driver details are attached for reference  httpstcouwtTBdtw,0.5642857142857143,-0.2375,Negative
369,Your partner refused to accept trip if payment is through Ola money Forced to cancel trip and pay by cash as this issued happened after boarding the trip Such behaviour of your partners should be viewed very seriously as it is leads to safety concern  httpstcoFJGiisoD,0.5222222222222223,-0.24444444444444446,Negative
370,So is SoftBank a bad investor or they really don‚Äôt care         Join the dots ,0.43333333333333335,-0.24999999999999992,Negative
371, Any update  Why do we have such a lousy attitude towards an issue where the customer is trying to followup Why am I not getting any respond to this    ,0.5,-0.25,Negative
372, That i m not able to do automatically it took  star,0.625,-0.25,Negative
373,Same at Delhi airport We paid ‚Çπ  for Delhi airport to Gujarati Bhavan Airport cab Meru is even expensive than ola and uber,0.4125,-0.25,Negative
374,Worst experience with    at Mumbai airport arrivals P Drivers kept on cancelling the booking after knowing the payment mode as OLA money  Wasted  hour of my business time  was fast enough to respond and get me a cab Never an OLA again,0.525,-0.25,Negative
375, last night I have an urgent meeting so to avoid rush I booked Ola motorcycle But the driver in the midway went to take the food parcel for any food delivery company at the same time left me waiting in the midway This is totally disgusting behaviour from him  httpstcoaQlxQf,0.29791666666666666,-0.25,Negative
376, It was the most disgusting experience The lady who was by herself got not help from your staff when the driver bullied her We still haven‚Äôt got a cab and walked across and took an  cab Never trying you again,0.75,-0.25,Negative
377,  Many of your drivers spit on road while driving A campaign to Educate them and perhaps a warning thru customer feedback will solve this disgusting practice,0.75,-0.25,Negative
378, is miles ahead of Ola in fares   No cab economy   Companies blatantly breaking max fare law and NO surge fees   Only Consumers suffer in India  httpstcofTXhXrIw,0.75,-0.25,Negative
379,   have not yet received my fund of rs  yet more than two months now this is really bad experience and will  cant wait more now tem ola support system is very   Sorry to say but very bad experience after this I will stop using Ola service ,0.7066666666666667,-0.25199999999999995,Negative
380,  Not able to book any cabs on the ola app This is totally frustrating  Totally useless app tried reinstalling as well Still the same problem Payment done still payment pending Pathetic      better than Ola cabs  httpstcoTSTNRDdR,0.5583333333333332,-0.27499999999999997,Negative
381,Used Ola Outstation Ride One of the worst cab experiences of my life Driver drove fast inspite of requesting him to slow down  Asked for Cash for Petrol and CNG Argued with other people on the road Told me I can drop you anywhere and I will still get paid   ,0.5327777777777778,-0.27611111111111114,Negative
382, worst experience with ola when the driver forced me and my pregnant sister to get down  kms before the drop location and started abusing us I m gonna lodge an FIR ASAP End the ola driver license for the nuisancePFA For his details  httpstcodSFZJgVdhT,0.49722222222222223,-0.2805555555555556,Negative
383,  Could not get a single ride from the Bhubaneswar Airport today because every driver was either asking for my drop location and if Im paying through Ola money or cash when I declined answering the irrelevant questions they were cancelling the ride  httpstcoPStnOWsVg,0.6071428571428571,-0.2857142857142857,Negative
384, Why is Ola even in existence I speak of this for the city of Gurgaon yet to meet a person who is a die hard ola fanuser,0.5416666666666666,-0.2916666666666667,Negative
385, apka driver puchhta hai ki kha Jana hai aur batane ke bad ride cancel kar deta hai app log action kyo nhi lete  httpstcotVIcqKzj,0.3833333333333333,-0.29999999999999993,Negative
386,Need to file a complaint against  driver who has sent inappropriate messages to friend of mine for cancelling the ride Tried calling the ola complaint number but it is not attended,0.2,-0.3,Negative
387, Why theres not an option when your driver does not wants to come to the location to pickup Why am I being charged in case driver is not listening Not my problem if your app pics up wrong location   httpstcoGlXOBhgG,0.5,-0.3,Negative
388,Question for you   why would you have OLA money when the driver rudely demands cash in ADDITION to the Ola money that‚Äôs already been deducted from me,0.6,-0.3,Negative
389, I‚Äôm still awaiting a response to my complaint There is no reply through mail or in your dms,0.2,-0.3,Negative
390,  I want to lodge complaint against your driver He had argued with us without reason,0.2,-0.3,Negative
391, Who even dont even know how to speakand they cancelled with negative attitude,0.4,-0.3,Negative
392,          Now it is common these days,0.5,-0.3,Negative
393,The company  doesnt seem to be worried about its customers Its been over  tweets against them by a customer and they seem to be least concerned neither have i received any reply or call not Ola driver has the Ola cancelled the booking,0.4,-0.3,Negative
394, I‚Äôll take a ride But i am unsatisfied with this Ride cause driver Behaves Rude and using Abusing words Rude behave  unsafe drive  Say No to On Heater in Summer So I am Requesting u to talk with him details are given below in screenshot  httpstcoxfaVJAMRw,0.6,-0.3,Negative
395, cab prices for  Km distance in  is ‚Çπ on  Dec  at  PM Fare  is exorbitant and exploitative  httpstcoaTiuDxnaM,0.3,-0.3,Negative
396, Do you want me to file a complaint with  for violation of law,0.2,-0.3,Negative
397, Please share the complaint registration number with me   ,0.2,-0.3,Negative
398, why are charging me ola postpaid doubleWithout taking any ride i was forced to pay  without taking another What the hell ,0.2,-0.30000000000000004,Negative
399,     So u mean to say i have to call to your customers care to listen my complaint so this support is for what,0.44375,-0.30625,Negative
400,  after waiting for  mins there is not a single cab at airport in micro to sedan range not a single  Pathetic management Maybe relook at the schematic befoolery going on at the ground level ,0.4761904761904762,-0.30952380952380953,Negative
401, I‚Äôm not sure why you‚Äôd even charge me a fee since the driver himself very rudely cut me off and asked me to cancel the ride ü§∑üèª‚Äç‚ôÄÔ∏è,0.8344444444444444,-0.32,Negative
402, Cant expect such pathetic service from u guys Transaction failed twice   refunded very nxt day to you and its still not reflected in either my account or Ola money,0.525,-0.325,Negative
403, I‚Äôve been waiting for a refund on a ride I paid twice for on th November Are you seriously being this unaccountable about payments,0.6666666666666666,-0.3333333333333333,Negative
404, your drivers switch off phone just before ride after checking destination and passengers have to pay RS  cancellation charges Isnt it ridiculous,1.0,-0.3333333333333333,Negative
405,  isnt it ridiculous You debit a sum of  and it ended with  So where is the refund In reverse cases we had to pay cash to drivers Now what  httpstcoYcFemvyrfo,1.0,-0.3333333333333333,Negative
406, had a chamce to go to ND Railway station Traffic horrible in the early hours of morning as on both sides Ola n uber were parked blocking movement of other vehicle Suggest to take strict actions against these,0.5583333333333333,-0.3416666666666666,Negative
407, Should I not take Ola cab when I am travelling to airport to board International flight This is really bad customer service Please assist ,0.3333333333333333,-0.3499999999999999,Negative
408,   That way even Ola or Uber isnt bad Prebooking isnt mass scale amp hence obviously everything falls in place with control,0.5833333333333333,-0.3499999999999999,Negative
409, Then upgrade your ola app and policies as well its not good,0.6000000000000001,-0.35,Negative
410, What a pathetic service you have Firstly it took  to  mins for me to find a cab then it showed that the nearest driver is  mins away which I waited for and on the last minute the driver cancels the cab n pop up comes saying sorry unable to find a cab,0.58,-0.35,Negative
411,  what a pathetic experience today I had with Ola Tried to book multiple outstation but everyone of the driver cancelled and called me back saying we will take you to destination privately by cutting out ola and gave some lame excuse about car availability,0.44999999999999996,-0.35833333333333334,Negative
412,Dear  this driver by the name Abdul refused to come to my location and even refused to cancel Over that he was being rude as if Ola is doing a big favour on me Is this how you train your drivers to talk to your customers  So disappointed Sad state of affairs  httpstcoGCYugQlN,0.6125,-0.3875,Negative
413, Yes please cancel it because its already very late and i havent received any response from any driver,0.78,-0.39,Negative
414,   Happened with me in Ola Auto  The drivers get annoyed üò° when they hear paid via Ola Cash üòµüòµ,0.8,-0.4,Negative
415, Is OlahuUber slogan behind this,0.7,-0.4,Negative
416,   Btw what is the logic behind this How this fare is calculated ,0.7,-0.4,Negative
417, aise log ko kyo rakhte ho jo Jane se mna kar de Poor services  Pls refund my  rs  httpstcoCbZGqqEu,0.6,-0.4,Negative
418,       Uber n Ola really need  manage their operations at MUMBAI TERMINAL  Cabs asking for location before amp cancelling incessant chaos No one manages people or flow of vehicles Takes  min on avg Pathetic experience EVERYTIME,0.6,-0.4,Negative
419,  Stop nautanki Cant share pain of your Muslim friends sitting in USA  Only way for self deprecating idiots like you is accept Islam n start attending Jumme ki Namaz  Can Have wives Celebrate genocide of Kafirs for yr Blow shouting Ola ho Uber Add to world Peaceüëçüôå,0.9,-0.4,Negative
420,amp another  driver of  rank asks me in advance over the phone where do I have to go without even reaching me for pick up No exaggeration every second Driver does this nowadays Seems you are obliging me despite charging a surge for my ride   httpstcoACidhmxdA,0.45,-0.4,Negative
421,    is eating   and   business  Lemme explain   Ola Uber has less cabs on road and drivers are ruling them brutally for ex My last week experience in which cab wala kept cancelling my cab until I got frustrated  One bad experience is enough  httpstcoootKhvrHJS,0.4166666666666667,-0.4069444444444444,Negative
422,    your driver again disappointed me with my family I did book for railway station and in sedan car they dont have even space for single luggage bag Have to put on laps for travel,0.48214285714285715,-0.4107142857142857,Negative
423, Our driver after picking us up honked wildly at a lady in our society hurled very bad abuses on herit was really very nasty then in his anger drove rashly in his anger and hit a two wheeler right in front of our societyI am not sure if was drunk on duty  httpstcolfHBssKid,0.6364087301587302,-0.4592857142857143,Negative
424,  They do this at the worst possible timethey make us wait and then they cancel extremely irritating,0.9333333333333332,-0.4666666666666666,Negative
425,   it was worst ride I ever had The driver was so tired he slept twice during driving Its not his fault he completed his last ride yesterday at  again you placed him for another ride at  am Its fault of your system  httpstcoIMsZsYeaDt,0.5888888888888889,-0.4666666666666666,Negative
426,   Your app still says ill be charged for cancelation trips which your drivers cancelled and not me ,1.0,-0.5,Negative
427, This is my CRN number  My ride is scheduled for   AM today and still no cab has been allocated to me I cant contact the support because no phone number is working I am unable to cancel the ride too Care to help  Because i am stranded here  httpstcolIHwzvjB,0.5,-0.5,Negative
428,This driver  hadnt still cancelled the ride Its been over mins since hes machine got us Now we are unable to book another Ola as well  Trying to book an  now  httpstcoTcShoKce,0.5,-0.5,Negative
429, never ever gonna use Ola service again Lousy customer support Looters They will charge anything  I will also suggest others to not use Ola cabs,0.5,-0.5,Negative
430, Thank you sir we hope so nd sorry for over Egreesive but driver was ‚ÑÖwrong,1.0,-0.5,Negative
431, unable to get through ,0.5,-0.5,Negative
432,   You are giving wrong info Sir Just for pick up they charged ‚Çπ Refused to allow vehicle to pass Why this confusion can‚Äôt you inform all operators concerned what the rules are  Customer service is zilch in Chennai airport,0.9,-0.5,Negative
433,Booked cab on  when i called the driver he refused to come at the desired location and cancelled the ride Then why should i pay the cancellation charges Such a pathetic experience with   httpstcoqLtRJEEIZ,0.75,-0.5,Negative
434,   Sad,1.0,-0.5,Negative
435,  This is really sad Ola  Your drivers in Kanpur dont allow you to sit if you use Ola Money and this in Mumbai,1.0,-0.5,Negative
436, Ola does it again Bkd Ola Outstation y‚Äônite sachs for  AM from Pune to Mumbai and got a cnfmn msgs saying he is OTW etc giving OTP and when he does not turn up and says he had declined the ride Ola says ‚Äú sorry for the inconvenience‚Äù ‚Äú will take time for alt one‚Äù,1.0,-0.5,Negative
437, Ola a fraud   throughout‚Äã the network  fraudulent activity  grabbing money from customers account without the knowledge of  customers  by using wrong pins and password hence beware of ola,0.9,-0.5,Negative
438,One of my female  Friend had a terrible experience with ola   today the driver with the CRN no  misbehave with my friend and snatched her mobile while opposing he hold her hands and use slangs   ,0.5833333333333334,-0.5,Negative
439,Awful condition of the vehicle Riding in an Ola driven by Indrajit Mondal    OTP  is needed to start the ride after boarding the cab Final bill amount will be shown on driver device Track the ride here  httpstcoteplebayJ,1.0,-0.5,Negative
440, Sorry can you now eloborate what should I do in the app Because the app doesn‚Äôt work,1.0,-0.5,Negative
441, unable to track booked rides  httpstcovSHpVnnlF,0.5,-0.5,Negative
442,    Being marathi manus voters drivers bribe amp continue Had this been a uber or Ola cab driven by migrants police RTO officials kali peeli together ruin driver alike me they file even illegal chalan to harass,0.5,-0.5,Negative
443, your drivers are unprofessional and rude Disappointed with the service     ,0.675,-0.525,Negative
444, You guys will loose all your clients soon just because of you pathetic jaatgujar drivers,0.6346153846153846,-0.5384615384615384,Negative
445, I dont want your stupid apology Why the hell I am getting sms of late fee when I have paid the bill through my Google pay account,0.8,-0.5499999999999999,Negative
446,If you let me rate the copassengers on pool   Ill fucking tell you how its done Just let me  Please,0.9,-0.55,Negative
447, This is truly fucked up  ,0.7,-0.6,Negative
448, Thus S O B Was booked  hour ago and he canceled at the time of arrival Then ignores phone calls  Bloody thief of my time And OLA employes such Stupid drivers who steal  Blacklist this f er  bloody B d,0.825,-0.6000000000000001,Negative
449, cab driver was very careless and liar he was not pick up my call  After mnt I was cancel my ride and Ola will take  rupees cancellation charge   ,1.0,-0.65,Negative
450,min in finding swipe to end trip in OLA share  definitely a bad UI  bad   for the user ,0.6666666666666666,-0.6999999999999998,Negative
451, should be   Bad cx by  Please do not use OLA anymore I will not use your bad cabs,0.6666666666666666,-0.6999999999999998,Negative
452,Why‚Äôs the  situation turned so bad I‚Äôm       ,0.6666666666666666,-0.6999999999999998,Negative
453,I guess they really hate ola and Uber in guwahati  httpstcoOQrbopBA,0.9,-0.8,Negative
454, The tweet was not for refund it was for how is kms base kms for a outstation ride,1.0,-0.8,Negative
455, very bad experience with Ola customer care In this era where customers Satisfaction is everything there Ola is lacking this Disappointed,0.8083333333333333,-0.8299999999999998,Negative
456, very bad your services  httpstcoVXTKqkW,0.8666666666666667,-0.9099999999999998,Negative
457,   Driver was speaking on the phone all the way while driving and was using abusive language with the person on the phone horrible experience  httpstcoKDoYKGrUqE,1.0,-1.0,Negative
458, getting worst customer serviceThere is no value of Ola commitment,1.0,-1.0,Negative
